Sanskrit Vocab from Maurer and Goldmans,,,,,
Devanāgarī,IAST,Part of Speech,Gender,English,Chapter
,,,,,
अग्र,agra,noun,n,"front; tip or end, top",M07
अङ्ग,aṅga,noun,n,limb; body,
अचिरात्,acirāt,indeclinable,,"shortly, soon",G12
अत:,ataḥ,ablative adverb,,"""from this"" (sing, dual or plur), spatially,from here, (i.e., from this place), hence; 
temporarily, then, from that time; causally, therefore.",M02
अति,ati,prefix,,"prefix used with adjectives and adverbs to mean 'very,' 'too,' 'excessively'",G13
अति-√क्रम् (अतिक्रामति),ati-√kram (atikrāmati),"verb, class 1 P",,transgress,G08
अतिपाप,atipāpa,adjective,,extremely or very evil,M02
अतिशय,atiśaya,noun,m,"great degree, excess",G12
अतीव,atīva,adv,,"exceedingly, extremely, very","M03, G04"
अत्र,atra,locative adv,,"""in this"" (sing., dual, or plural), spatially, in this place, here; 
temporally, then; referentially, with regard to this or that point, in this or that case.",M03
अत्यन्तम्,atyantam,adverb,,exceedingly,G06
अथ,atha,adverb,,"then, (temporally or consecutively); now (as a mere continuative); 
before titles of books or episodes to mark their beginning, in which usage 
it is opposed to iti, q.v.","G05, G06"
अथापि,athāpi,adverb,,"moreover, however, even so (equals atha in most cases)",G08
अद्य,adya,adverb,,now; today,"G06, G13"
अधम,adhama,adjective,,lowest,M05
अधस्तात्,adhastāt,adv,,"below; as a postp. with the gen., under; beneath",M03
अधिक​,adhika,adjective,,"additional, extra",M04
अधि-√गम् (अधिगच्छति),adhi-√gam (adhigacchati),"verb, class 1 P",,"go up to, arrive at, go to, go unto, approach; attain, obtain; 
ppp: adhigata; gerund: adhigamya or adhigatya","M04, M05, M07"
अधिगम्य ,adhigamya,"verb, gerund",,"approached, gerund of adhi-√gam (adhigacchati)",M07
अधुना,adhunā,adverb,,now,"M03, M05, M07, G11, G12"
अध्याय​,adhyāya,noun,m,a chapter,
अनन्तरम्,anantaram,adverb,,"immediately after, afterwards, thereupon; then (like tataḥ); 
[used as postp. at end of a cpd]","M06, M07"
अनु-√गम् (अनुगच्छति),anu-√gam (anugacchati),"verb, class 1 P",,"go after, follow; ppp: anugata",
अनुज्ञा,anujñā,noun,f,permission,G07
अनु-√ज्ञा (अनुजानाति),anu-√jñā (anujānāti),"verb, class 9 P",,permit,G09
अनुताप,anutāpa,noun,m,remorse; regret [literally 'a burning or suffering after'],M02
अनु-√भु (अनुभवति),anu-√bhu (anubhavati),"verb, class 1 P",,"experience, enjoy; bear; gerund: anubhuya",G04
anu-√rañj (anurjyate),anu-√rañj (anurjyate),"verb, class 4 Ā",,"be fond of, like",G08
अनुराग,anurāga,noun,m,"love, affection",M08
अनुसार,anusāra,noun,m,"a going after, following; conformity, accordance; if in instrumental (anusareṇa) with genitive as quasi-postposed, then 'in accordance with,' or literally 'due to the following of'",M05
अनु-√स्मृ (अनुस्मरति),anu-√smṛ (anusmarati),"verb, class 1 P",,"recall, remember",G11
अनेक​,aneka,adjective,,"many [literally, 'not one,' i.e., more than one]",M03
अनेकधा,anekadhā,adverb,,in many ways [dhā = an adverb forming suffix indicating manner],M08
अन्ततः,antataḥ,indeclinable,,finally,G08
अन्तर्-√धा (अन्तर्दधाति),antar-√dhā (antardadhāti),"verb, class 3 P",,hide,G09
अन्न,anna,noun,n,food [the ppp of √ad (atti) to eat],M01
अन्य,anya,adjective,,"other [declined like the demonstrative pronouns, i.e., saḥ, tat, sā]",G05
अन्यतः,anyataḥ,adverb,,from another source,G06
अन्यत्र,anyatra,adverb,,elsewhere,G06
अन्यथा,anyathā,adverb,,otherwise,G06
अन्यदा,anyadā,adverb,,another time,G06
अपगत्,apagat,ppp,,"having gone away, past passive participle of apa-√gam (apagacchati)",M07
अप-√गम् (अपगच्छति),apa-√gam (apagacchati),"verb, class 1 P",,go away,M07
अप-√वद् (अपवदति),apa-√vad (apavadati),"verb, class 1 P",,revile,G08
अपर,apara,adjective,,"other, another (declined like para - see chapter 5 of Goldmans)",G09
अपराध,aparādha,noun,m,"sin, offense",G13
अपि,api,adverb,,"also, even; often concessivly after an adj or part., though; apyuta= also;
if at beginning of a sentence indicates yes/no question",G04. G06
अपि च,api ca,indeclinable,,moreover,G09
अभि-√गम् (अभिगच्छति),abhi-√gam (abhigacchati),"verb, class 1 P",,approach,G08
अभि-√जि (अभिजयति),abhi-√ji (abhijayati),"verb, class 1 P",,win,G08
अभि-√भाष् (अभिभाषते),abhi-√bhaṣ (abhibhāṣate),"verb, class 1 P",,"address, accost",M07
अभि-√भू (अभिभवति),abhi-√bhū (abhibhavati),"verb, class 1 P",,overcome,G10
अभिभूत,abhibhūta,ppp,,overcome; past passive participle of abhi-√bhū (abhibhavati),G10
अभिभाषित,abhibhāṣita,ppp,,"addressed, accosted; past passive participle of abhi-√bhaṣ (abhibhāṣate)",M07
अभिषिक्त,abhiṣikta,adjective,,consecrated,G11
अभिषेक,abhiṣeka,noun,m,"consecration, coronation",G09
अम्बा,ambā,noun,f,"mother (irregular - saṃbodhanam, vocative = amba)",G11
अयोध्या​,ayodhyā,proper noun,f,"Ayodhyā, Daśaratha's capital city",G05
अरण्यम्,araṇya,noun,n,forest,G07
अर्थ,artha,indeclinable,,for the sake of,G20
अर्थ,artha,noun,m,meaning,G13
√अर्ह् (अर्हति),√arh (arhati),"verb, class 1 P",,"be fit, worthy, be worthy to, deserve, have a right to, be obliged to, have to, should, must (+ infinitive), be pleased to (+ infinitive); be able, can ",G13
अल्प​,alpa,adjective,,small,M02
अव-√गम् (अवगच्छति),ava-√gam (avagacchati),"verb, class 1 P",,understand,G06
अव​-√तॄ (अवतरति),ava-√tṝ (avatarati),"verb, class 1 P",,"descend, alight, get down, get down from, come down (to earth); ppp: avatirṇa;
gerund: avatirya; causative: avatārayati, causes to descend, brings down; 
future of causative: tārayiṣyati",
अव​-√लोक् (अवलोकयति),ava-√lok (avalokayati),"verb, class 1 P",,"see, look at; ppp: avalokita [technically a causative without causative meaning]",M07
अव​श्यं​,avaśyaṃ,adverb,,"of course, indeed",M04
अव​-√स्था (अवतिष्ठति),ava-√sthā (avatiṣṭhati),"verb, class 1 P",,"stand off (ava)', stand, stand up, ppp: avasthita; infinitive: avasthātum",M06
अवस्थापयति,avasthāpayati,"verb, causative",,"causative of ava-√sthā (avatiṣṭhti), literally 'stand off or apart', 
hence as causative, 'causes (someone) to stand off or apart,' leave behind",M06
अविरत,avirata,adjective,,"uninterrupted, continuous",M04
अशनि,aśani,noun,f,bolt of lightening,G11
अश्रु,aśru,noun,n,tear,G13
अश्व,aśva,noun,m,a horse,"M01, M03"
√अस् (अस्ति),√as (asti),"verb, class 2 P",,be,G04
अहम्,aham,pronoun,,I,"G04, M06"
अहो,aho,interjection,,ah! oh! how (+adj),"M03, G04"
आक्रान्त,ākrānta,adjective,,seized or filled with (+instrumental),G12
आकुल,ākula,adjective,,"distressed, agitated, disordered",G12
आ-√गम् (आगच्छति),ā-√gam (āgacchati),"verb, class 1 P",,come,"M02, G04"
आगम्य,āgamya,"verb, gerund",,"having come, gerund of  ā-√gam (āgacchati)",M03
आ-√चर् (आचरति),ā-√car (ācarati),"verb, class 1 P",,"practice, engage in","M04, M05, G07"
आचार्य,ācārya,noun,m,"a teacher, preceptor",M01
आज्ञा,ājñā,noun,f,"order, command",G09
आज्ञापयति ,ājñāpayati,"verb, causative",,"commands; causative of आ-√ज्ञा (आजानाति) ā-√jñā (ājānāti) to understand, perceive, a class 9 verb",M03
आत्मन्,ātman,noun,m,"self, Self, commonly used as reflexive",G08
आदित्य,āditya,noun,m,the sun,M01
आनन,ānana,noun,n,face,G13
आनन्द​,ānanda,noun,m,"joy, bliss","M04, G06"
आ+√नी (आनियति),ā+√nī (āniyati),"verb, class 1 P",,bring,M07
√आप् (आप्नोति),√āp (āpnoti),"verb, class 5 P",,obtain,G07
आभरण,ābharaṇa,noun,n,ornament,M03
आ-√या (आयति),ā-√yā (āyati),"verb, class 2 P",,come,G07
आ-√रुह् (आरोहति),ā-√ruh (ārohati),"verb, class 1 P",,mount,M03
आर्य,ārya,noun,m,"noble person, lord; as term of address = sir",G11
आर्यपुत्र,āryaputra,noun,m,"""my lord""; used by wife to husband",G11
आ+√लोच् (आलोचयति),ā+√loc (ālocayati),"verb, class 10 P",,reflect,M07
आलोच्य,ālocya,"verb, gerund",,having reflected; gerund of आ+√लोच् (आलोचयति ) ā+√loc (ālocayati),M07
आश्रम​,āśrama,noun,m,"hermitage, ashram","M01,M03, G06"
आह्वान,āhvāna,noun,n,invitation,M06
√आह्वे (आह्वयति),√āhve (āhvayati),"verb, class 1 P",,"call, summon",G12
इतस्ततः,itastataḥ,adverb,,"""here and there""",M02
इति,iti,adverb,,"so, thus; marks the end of a thought or quoted speech","M02, G04"
इत्थम्,ittham,adverb,,"thus, so (synonym of evam)",M08
इदानीम्,idānīm,indeclinable,,now,G07
इन्द्र,indra,proper noun,m,the god Indra,g10
इव,iva,indeclinable,,"like, as (follows word to which it refers)",G04
ईश्वर,īśvara,noun,m,lord,"M01, M04"
√इष् (इच्छति),√iṣ (icchati),"verb, class 6 P",,"wish, want, desire","M03, G08"
इषु,iṣu,noun,m,arrow,G07
इष्ट,iṣṭa,ppp,,desired; past passive participle of √iṣ (icchati),G10
इह,iha,indeclinable,,here,"G07, G10"
ईर्ष्वा,īrṣvā,noun,f,jealousy,M08
उक्त,ukta , ppp,,"said, spoken, spoken to, addressed; past passive participle of √vac (vakti)","M07, G10"
उक्त्वा,uktvā,"verb, gerund",,"having said or spoken; gerund of √vac (vacati) a class 2 verb, to say or speak",M03
उच्च,ucca,adjective,,"high, tall",M02
उत्तम,uttama,adjective,,"supreme, excellent",G08
उत्पन्न,utpanna,adjective,,"arisen, sprung up",G13
उदर,udara,noun,n,belly,G12
उद्-√गम् (उद्गच्छति),ud-√gam (udgacchati),"verb, class 1 P",,"go up, rise",M03
उद्-√था (उत्तिष्ठति),ud-√thā (uttiṣṭhati),"verb, class 1 P",,"stand up; although it's ud-√thā, the underlying is ud + √sthā",G08
,ud-√diś (ud,,,,
उद्-√पद् (उत्पादयति),ud-√pad (utpādayati),"verb, class 10? P",,"literally, 'cause to go forth, produce;' gerund: utpādya",M08
उद्-√भू (उद्भवति),ud-√bhū (udbhavati),"verb, class 1 P",,"come into being, be born",G05
उद्यान,udyāna,noun,n,a garden,M01
उद्-√विज् (उद्विजते),ud-√vij (udvijate),"verb, class 6 Ā",,tremble,G06
उद्-√हृ (उद्धरति),ud-√hṛ (uddharati),"verb, class 1 P",,lift up,G06
उप्-√क्री (उप्क्रीणाति),up-√krī (upkrīṇāti),"verb, class 9",,buy (synonym of √krī (krīṇāti),M08
उप-√गम् (उपगच्छति),upa-√gam (upagacchati),"verb, class 1 P",,approach,G08
उपकार,upakāra,noun,m,"asistance, favor",G11
उप-√लभ् (उपलभते),upa-√labh (upalabhate),"verb, class 1 Ā",,attain,G09
उप-√विश् (उपविशति),upa-√viś (upaviśati),"verb, class 6 P",,sit,G11
उषित्वा,uṣitvā,"verb, gerund",,"having stayed, having abided; gerund of √vas (vasati) to dwell",M05
ऋषि,ṛṣi,noun,m,"sage, seer",G06
एक​,eka ,adjective,,"one [declined like the demonstrative pronouns, i.e., saḥ, tat, sā]",G05
एकतः,ekataḥ,adverb,,"from one side, on the one hand",G06
एकत्र,ekatra,adverb,,in one place,G06
एकदा,ekadā,adverb,,"at one time or one day, at a certain time, once, one time, once upon a time","M03, G04,M07"
एकाकिन्,ekākin,adjective,,"alone, by oneself",M02
एव,eva,emphatic particle,,emphasizes the previous word,G06
एवम्,evam,indeclinable,,"so, thus, in this way","G04, M08"
क,ka,interrogative pronoun,,"who, what, which - can be used on its own (who is it?) or with a noun (which man is he?)",G06
कट,kaṭa,noun,m,a mat,M01
कतिपय​,katipaya,adjective,,"some, a few","M04, M07"
कथम्,katham,indeclinable,,how? How is it?,"G04, G06, G07"
कदा,kadā,indeclinable,,when,G06
कन्दर,kandara,noun,n,a cave,M07
कन्या,kanyā,noun,f,daughter,G07
 कपट ,kapaṭa,noun,m,"fraud, trickery",M07
कपर्दक,kapardaka,noun,m,a small seashell used as a coin in barter,M08
कमल,kamala,noun,n,a lotus,M03
√कम्प् (कम्पते),√kamp (kampate),"verb, class 1 Ā",,tremble,G06
कर्तुम्,kartum,"verb, infinitive",,"to do, infinitive of √kṛ (karoti)",M04
कर्तृ,kartṛ,noun,m,"doer, agent, grammatical subject",G10
कर्मन्,karman,noun,n,"activity, religious act, grammatical object",G08
करुण,karuṇa,adjective,,"pitiful, tender",G12
कश्चिद्,kaścid,indefinite adjective,,"""a certain,"" a/an, also could have double meaning of ""an extraordinary"" per Hareesh","M03, M05, M07"
कानिचितद ... कानिचितद,kānicitada ... kānicitada,indefinite adjective,,some ... others,M02
कारण,kāraṇa,noun,n,"reason, cause",M07
काल​,kāla,noun,m,time,"G05, M05, M06,M08"
कालेन,kālena,indeclinable,,in the course of time,G05
काले काले,kāle kāle,reduplicative adverb,,"from time to time, sometimes",M02
किमर्थम्,kimartham,interrogative adverb,,why?,M05
किमिति,kimiti,idiom,,what's this? why?,G04
किंतु,kiṃtu,indeclinable,,"but, however",G05
किं बहुना,kiṃ bahunā,idiom,,why continue on?,G10
कुतः,kutaḥ,interrogative adverb,,"whence, why, since when",G06
कुत्र,kutra,interrogative adverb,,where?,"M03, G06"
√कुप् (कुप्यति),√kup (kupyati),"verb, class 4 P",,be angry,G07
कुपित,kupita,adjective,,"enraged, angry",G04
कुमार,kumāra,noun,m,a young man,M04
कुम्भ,kumbha,noun,m,pot,G10
कुम्भकार,kumbhakāra,noun,m,a maker of pots,M08
कुल​,kula,noun,n,family,M04
√कृ (करोति),√kṛ (karoti),"verb, class 8 P",,"do, make, conduct; infinitive: kartum (3rd p plural, kurvanti)","M04, G04, G05"
कृत,kṛta,ppp,,"done, made; past passive participle of √kṛ (karoti)",G10
कृषीवल,kṛṣīvala,noun,m,farmer,M01
कृष्ण,kṛṣṇa,adjective,,"black, dark",M01
केवलम्,kevalam,indeclinable,,only,G12
केसराग्र (केसर+अग्र),kesarāgra (kesara+agra),noun,n,"the tip or end of the hair or mane (a compound made up of kesara (m) hair, mane + agra (n) the tip  or  end",M07
कैकेयी,kaikeyī,proper noun,,"Kaikeyī, Bharata's mother",G11
कोप,kopa,noun,m,anger,M08
क्व,kva,indeclinable,,where?,G06
क्रिया,kriyā,noun,f,action,M05
√क्री (क्रीणाति),√krī (krīṇāti),"verb, class 9",,buy,"M07, M08"
क्रीत्वा,krītvā,"verb, gerund",,having bought; gerund of √क्री (क्रीणाति) √krī (krīṇāti),M07
√क्रीद् (क्रीदति),√krīd (krīdati),"verb, class 1 P",,play,M02
√क्रुध् (क्रुध्यति),√krudh (krudhyati),"verb, class 4 P",,"be angry, become angry",G07
क्रूर,krūra,adjective,,"cruel, terrible",G12
क्रोध,krodha,noun,m,anger,M07
क्षण,kṣaṇa,noun,m,"an instant, a moment","M04, G11"
क्षम,kṣama,adjective,,"able, competent",G09
क्षय,kṣaya,noun,m,"destruction; acc + √kṛ 'make a destruction of,' bring an end, exhaust",M05
√क्षिप् (क्षिपति),√kṣip (kṣipati),"verb, class 6",,throw,M08
क्षुद्र,kṣudra,adjective,,"small, tiny",M07
क्षुधा,kṣudhā,noun,f,hunger,M07
क्षुब्ध,kṣubdha,adjective,,"agitated, shaken; to reduce confusion, following Goldmans who list it in adjectives; past passive participle of √kṣubh (kṣobhate),  shake",G10
√क्षुभ् (क्षोभते),√kṣubh (kṣobhate),"verb, class 1 Ā",,shake,
क्षेत्र,kṣetra,noun,n,a field,M01
ख,kha,noun,n,"air, sky",G12
खग,khaga,noun,m,bird,G12
खण्द,khaṇda,noun,m,a piece,M07
-ग,-ga,adjectival suffix,,"going, moving (in, on, to); (from √gam)",G12
गत,gata,ppp,,"having gone, gone, past passive participle of √गम् (गच्छति ) √gam (gacchati )","M07, G07"
गति,gati,noun,f,"way, 'alternative' state of existance",G06
गत्वा,gatvā,"verb, gerund",,"having gone, gerund of  √gam (gacchati)","M03, M05"
√गम् (गच्छति),√gam (gacchati),"verb, class 1 P",,"go, walk, gerund: gatvā","M01, M02, G04"
√गा (गायति),√gā (gāyati),"verb, class 4 P",,sing,M03
गात्र,gātra,noun,n,limb,G07
गर्जन,garjana,noun,n,thunder,G10
गर्वित,garvita,adjective,,proud,G08
गुण,guṇa,noun,m,"excellence, quality, virtue",G05
गुरु,guru,adjective,,heavy; (f version = gurvī) as a masculine noun: teacher,"G06, G08"
गृहम्,gṛha,noun,n,"a house, home",G04
√गै (गायति),√gai (gāyati),"verb, class 1 P",,sing,G10
गौतम,gautama,proper noun,m,Gautama,G10
ग्राम,grāma,noun,m,a village,"M01, M04"
घट,ghaṭa,noun,m,a pot,M08
घोर,ghora,adjective,,"terrible, frightful",G12
च,ca,"indeclinable, conj",,and (placed after a series or between each pair of a series),G04
चक्षुस्,cakṣus,noun,n,eye,G09
चतुर्,catur,number,,four; irregular declension - f. acc. plural = catusraḥ,M08
चतुष्टयम्,catuṣṭaya,noun,n,"a foursome, a set of four (goldmans cite in the nominative and don't give the stem - since we mostly follow Maurer, I took the m off to avoid confusion)",G05
चन,cana,indefinite marker,,"turns the interrogative pronoun into an indefinite (i.e., kaś (who) + cana = someone",G06
चरितम्,caritam,noun,n,"adventures, life story",G04
√चल् (चलति),√cal (calati),"verb, class 1 P",,move,M02
चाप,cāpa,noun,m,bow,G08
चित्,cit,indefinite marker,,"turns the interrogative pronoun into an indefinite (i.e., kiṃ (what) + cit = something",G06
चित्त,citta,noun,n,"the mind, heart","M07, G12"
चित्र ,citra,adjective,,"bright, bright colored, variegated",M03
√चिन्त् (चिन्तयति),√cint (cintayati),"verb, class 10 P",,"think, consider, worry","M04, G04, M05"
चिन्ता,cintā,noun,f,"care, worry, anxiety",G06
चिरकालीन,cirakālīna,adjective,,"of a long time, long-standing [cira, 'long'+ kāla 'time' + īna, 'pertaining to']",M08
√चूर्णय (चूर्णयति),√cūrṇaya (cūrṇayati),"verb, class 10? P",,"smash, break to pieces (literally 'reduce to powder); a denominative verb from cūrṇ, 'powder' (see Lesson 28)",M08
चूर्णित,cūrṇita,"verb, ppp",,(having been) smashed; past passive participle of √cūrṇaya (cūrṇayati),M08
चेत,ceta,noun,n, intellect,G09
छाग,chāga,noun,m,a goat,M07
छाया,chāyā,noun,f,"shade, shadow","M04, M05"
√छिद् (छिनत्ति),√chid (chinatti),"verb, class 7 P",,"cut, cut off, nibble","M07, G07"
छिन्न ,chinna,ppp,,cut; nibbled; past passive participle of √छिद् (छिनत्ति ) √chid (chinatti),M07
"√जन् (जायते, प्ल् जायन्ते) ","√jan (jāyate, pl jāyante) ","verb, class 4 Ā",,be born,M05
जन,jana,noun,m,"person; as collective noun, people; plural, folk","M01, M02, G04"
जनक​,janaka,noun,m,father,"M01, M04"
जनक​,janaka,proper noun,m,"name of Sītā's father, king of Mithilā","G07, G08"
जन्तु,jantu,noun,m,a creature,M07
जरा,jarā,noun,f,old age,G09
जल,jala,noun,n,water,M01
जलाशय,jalāśaya,noun,m,a lake,"M01, M03"
जाल,jāla,noun,n,"a net, snare",G12
√जि (जयति),√ji (jayati),"verb, class 1 P",,win,G09
-जित्,-jit,adjectival suffix,,conquering (from √ji),G12
जीर्ण,jīrṇa,adjective,,"old, aged",G10
√जीव् (जीवति),√jīv (jīvati),"verb, class 1 P",,"live, survive",G04
जीवित,jīvita,adjective,,living,G10
जीवित,jīvita,noun,n,life,M01
√जॄ (जीर्यति),√jṝ (jīryati),"verb, class 1 P",,"waste away, age; also a class 4 P verb",G10
जेतृ,jetṛ,noun,m,"victor, conqueror",G10
-ज्ञ,-jña,adjectival suffix,,knowing (from √jñā),G12
√ज्ञा (जानाति),√jñā (jānāti),"verb, class 9 P",,know,G06
ज्ञान,jñāna,noun,n,knowledge,G12
ज्येष्ठ,jyeṣṭha,adjective,,eldest,G05
तत्,tat,pronoun,n,this,G06
ततः​,tataḥ,adverb,,"hence, then, therefore","G05, G06"
तथापि,tathāpi,indeclinable,,even so,G08
तत्र,tatra,adverb,,"there, with regard to that, concerning that","M02, M03, G04, G06, G07"
तथा,tathā,adverb,,"in that way, thus, so; ""So be it!""; a common way of indicating aquiescence in what another says","M03, G06, G07"
तप,tapa,noun,n,asceticism,G09
तपस्विन्,tapasvin,noun,m,ascetic male,G12
तपस्विनी,tapasvinī,noun,f,ascetic female,G12
तदनन्तरम्​​,tadanantaram,adverb,,"immediately after, thereupon, after that","M03, G09"
तदा,tadā,adverb,,"at that time, then","M02, M06, G06"
तर्हि,tarhi,indeclinable,,then,"G06, G07"
तल,tala,noun,n,surface; plane,G12
तादृश,tādṛśa,adjective,,such,G12
ताप,tāpa,noun,m ,heat,M02
तापस​​,tāpasa,noun,m ,"ascetic, yogi","M01, M03"
तावत्,tāvat,indeclinable,,"so long, to that extent",G06
तीक्ष्ण,tīkṣṇa,adjective,,sharp,G04
तिरस्-√कृ (तिरस्करोति),tiras-√kṛ (tiraskaroti),"verb, class 8 P",,"scold, upbraid; ppp: tiraskṛta",M08
तीर​,tīra,noun,n,a bank or shore,M03
तु,tu,"indeclinable, conj",,but [never begins a sentence],"M05, G11"
√तुष् (तुष्यति),√tuṣ (tuṣyati),"verb, class 4 P",,be happy,G08
तुष्ट,tuṣṭa,adjective,,"content, happy",G08
तृतीय,tṛtīya,ordinal number,,third,M07
तृण,tṛṇa,noun,n,"blade of grass, a straw; often used metaphorically for something of little consequence or value",G08
तेज,teja,noun,n,splendor,G09
त्यक्त्वा,tyaktvā,"verb, gerund",,"having abandoned, having left aside, gerund of √tyaj (tyajati)",M07
√त्यज् (त्यजति)​​,√tyaj (tyajati),"verb, class 1 P",,"abandons, gives up, leave aside; ppp: tyakta; gerund tyaktvā","M07, M08, G10"
त्वम्,tvam,pronoun,,you,"M04, G04"
दरिद्र​​​​,daridra,adjective,,poor,"M02, M05, M08"
दर्शन,darśana,noun,n,"the act of seeing, seeing, looking at, view",M02
दशरथ,daśaratha,proper noun,m,"Rāma's father, Daśaratha",G04
√दा (ददाति),√dā (dadāti),"verb, class 3 P",,give,"M06, M07, G09"
दत्त,datta,ppp,,given; past passive participle of √दा (ददाति) √dā (dadāti),M07
दातुम्,dātum,"verb, infinitive",,"to give; with śraddhaṃ, 'to perform a śraddha'; infinitive of √dā (dadāti)","M06, M07"
दिवस,divasa,noun,m,a day,"M04, M07"
दीप्त,dīpta,adjective,,"shining, brilliant",G10
दुर्लभ​​​,durlabha,adjective,,difficult to attain,M04
दुःखम्,duḥkham,noun,n,"sorrow, misery",G04
दुःखित,duḥkhita,adjective,,unhappy,G06
दुष्कर,duṣkara,adjective,,"difficult to do, difficult",M04
दुष्कृतम्,duṣkṛtam,noun,n,evil act,G04
दुष्प्राप,duṣprāpa,adjective,,difficult to reach or attain,M04
दुहितृ,duhitṛ,noun,f,daughter,G10
√दृश्,√dṛś,"verb, class 4 irreg P",,"see; for present tense, √paś (paśyati)","M07, G11"
दृष्ट (from √दृश्),dṛṣṭa (from √dṛś),ppp,,"having been seen; past passive participle of √dṛś, to see, which is irregular and is not used in the present; see √paś, to see, for present tense",M07
दृष्ट्वा (from √दृश्),dṛṣṭvā (from √dṛś),"verb, gerund",,"having seen; gerund of √dṛś, to see, which is irregular and is not used in the present; see √paś, to see, for present tense",M03
देव​,deva,noun,m,a god; a king,"M03, G06"
देवी,devī,noun,f,"lady, queen",G07
देवनागरी,devanāgarī,noun,f,one of the most common scripts in which Sanskrit is written,G01
देश,deśa,noun,m,"place, region",G07
द्रव्य,dravya,noun,n,"a thing (in the most general sense), article","M04, M08"
द्वन्द्व,dvandva,noun,n,a quarrel,M08
द्वरे​,dvare,adverb,,"in the distance, afar",M03
द्वि,dvi,number,,"two; actual stem is dva but is treated as an ""a"" stem noun only in the dual","G09, G11"
द्विज,dvija,noun,m,"(m) usually used to indicate the priestly caste of the Brāhmaṇas; literally,'twice-born,' a term applied to a member of the upper three classes of Hindu society, because when they receive the sacred thread, they are said to go through a second birth. Also, any animal born of an egg is also called dvija, twice-born.","M06, G06, M07"
द्वितीय,dvitīya,ordinal number,,second,G11
धन​,dhana,noun,n,wealth,M01
धनुस्,dhanus,noun,n,bow (as in archer),G09
धनुर्वेद,dhanurveda,noun,m,the science of archery,G06
धरा,dharā,noun,f,earth,G12
धर्म,dharma,noun,m,"law, duty, right, ""etc""; Hareesh has advised using Dharma instead of trying to imperfectly translate",G12
धार्मिक,dhārmika,adjective,,righteous,G04
धर्म्य,dharmya,adjective,,"righteous, proper",M07
धीर्ग,dhīrga,adjective,,long,M05
धूर्त,dhūrta,noun,m,a rogue,M07
√धृ (धारयति,√dhṛ (dhārayati),"verb, class 10? P",,"hold, keep, retain; Maurer comments that it's a causative without causative meaning",M07
धृत,dhṛta,ppp,,"held, retained, kept; past passive participle of √धृ (धारयति √dhṛ (dhārayati)",M07
ध्यान​​,dhyāna,noun,n,meditation,"M01, M05, G07"
न,na,negative adverb,,"""not"" negative particle or negative adverb","M01, G04, M06"
नकुल​,nakula,noun,m,mongoose,M06
नगर,nagara,noun,n,"city, town","M01, M02, M03, G10"
नत,nata,adjective,,"bowed, bent",G10
नद्ध,naddha,adjective,,bound,G10
नन्दित,nandita,adjective,,overjoyed,G11
नम,nama,noun,n,"reverence, homage, bow of respect",G09
नर​​,nara,noun,m,man,"M01, M05"
नरक,naraka,noun,m,hell,"M02, M05"
नरेश्वर,nareśvara,noun,m,"""lord of men,"" a king","M01, M02, M06"
√नश् (नश्यति),√naś (naśyati),"verb, class 4 P",,"perish, be destroyed",G04
नष्ट,naṣṭa,adjective,,"ruined, destroyed",G06
√नह् (नह्यति),√nah (nahyati),"verb, class 4 P",,bind,G10
नाम,nāma,noun,n,name,G08
नाम,nāma,adverb,,"""by name,"" namely",G04
नामधेय,nāmadheya,noun,n,name,G05
नारी,nārī,noun,f,"woman, wife","G06, M08"
नि-√क्षिप् (निक्षिपति),ni-√kṣip (nikṣipati),"verb, class 6 P",,"throw down, entrust, place",G09
निद्रा,nidrā,noun,f,"sleep, a dream","M04, M07, G12"
नि-√धा (निदधाति),ni-√dhā (nidadhāti),"verb, class 3 P",,put down,M07
निधाय,nidhāya,"verb, gerund",,"having put down, gerund of ni-√dhā (nidadhāti)",M07
निपुण,nipuṇa,adjective,,clever,G06
निमग्न,nimagna,adjective,,sunk,G10
नि-√सद् (निसीदति),ni-√sad (nisīdati),"verb, class 1 P",,sit down,M05
निरीक्ष्य,nirīkṣya,"verb, gerund",,"having contemplated, gerund of nis-√īkṣ (nirīkṣate)",M07
निर्गत,nirgata,adjective,,departed,G07
निर्गम्य ,nirgamya,ppp,,"having gone out, past passive participle of निस् -√गम् (निस्गच्छति) nis -√gam (nisgacchati)",M07
निवेशन,niveśana,noun,n,dwelling; a room or chamber,M02
निशा,niśā,noun,f,night,M07
निशाचर,niśācara,noun,m,"literally 'night roamer,' a rākṣasa",G07
निषण्ण,niṣaṇṇa,adjective,,dejected,G12
निस्-√ईक्ष् (निरीक्षते),nis-√īkṣ (nirīkṣate),"verb, class 1",,contemplate,M07
निस् -√गम् (निस्गच्छति),nis -√gam (nisgacchati),"verb, class 1 P",,go out,M07
निस्-√नी (निस्नयति),nis-√ni (nisnayati),"verb, class 1 P",,decide,M07
निश्चितम्,niścitam,adverb,,"surely, certainly",M07
निस्-√नी (निर्णयति),nis-√nī (nirṇayati),"verb , class 1 P",,decide; ppp: nirṇita,M07
निर्णीत ,nirṇīta,ppp,,"decided, past passive participle of nis-√ni (nisnayati)",M07
नि-√हन् (निहन्ति),ni-√han (nihanti),"verb, class 2 P",,"strike down, slay",M07
निहन्तुम्,nihantum,"verb, infinitive",,"to strike down, slay; infinitive of ni-√han (nihanti)",M07
√नी (नयति),√nī (nayati),"verb, class 1 P",,"take, lead","M03, G10"
√नृत् (नृत्यति/नृत्यते),√nṛt (nṛtyati/nṛtyate),"verb, class 4 P/Ā",,dance,G10
नृप,nṛpa,noun,m,king,"M01, M02, M03, G04"
नेतृ,netṛ,noun,m,leader,G10
न्यग्रोधपादप,nyagrodhapādapa,noun,m,a banyan tree,"M03, M04"
√पट् (पटति),√paṭ (paṭati),"verb, class 1 P",,recites,M01
√पत् (पतति),√pat (patati),"verb, class 1 P",,fall,"M02, G10"
पति,pati,noun,m,"lord, husband; irregular declension when used as husband not in a compound",G12
पत्र,patra,noun,n,leaf,G08
पत्त्र​,pattra,noun,n,letter,M01
पत्नी,patnī,noun,f,a wife,"M08, G12"
पण्डित,paṇḍita,adjective,,"wise, or as a noun: learned man (m)",G07
पण्डिततम,paṇḍitatama,superlative adjective,,most learned,M05
पला-√इ (पलायते),palā-√i (palāyate),"verb, class 1 Ā",,flee (Goldmans comment: conjugate like an a-guṇa root from stem palāya),G07
पर,para,adjective,,"distant, next [declined like the demonstrative pronouns, i.e., saḥ, tat, sā]","M04, M05, G05"
परत्र,paratra,adverb,,"in another place, in the next world",G06
परम,parama,adjective,,"supreme, highest","M04, M05, G06"
परि-√त्यज् (परित्यजति),pari-√tyaj (parityajati),"verb, class 1 P",,abandon,G09
परि-√नी (परिणयति),pari-√nī (pariṇayati),"verb, class 1 P",,marry,G08
पर्णशाला,parṇaśālā,noun,f,a leaf-hut (used by ascetics in the forest),M04
पर्वत,parvata,noun,m,mountain,M07
√पश् (पश्यति),√paś (paśyati),"verb, class 4 P",,"see, used as the present active for √drś",G04
पश्चात्,paścāt,"adverb, postposed",,"behind, in back of (+genitive)",M03
पाप​,pāpa,adjective,,"bad, evil; as neuter noun: sin, wrong; as noun, bad man (m)","M05, M06, "
पापा,pāpā,noun,f,wicked woman,G12
पार,pāra,noun,m,"literally 'far shore;' with √gam: excel at, fully comprehend",G06
पार-√गम् (पारगच्छति),pāra-√gam (pāragacchati),"verb, class 1 P",,"excel at, fully comprehend",G06
पार्थिव,pārthiva,noun,m,"a prince, a king","M01, G05"
पार्श्व,pārśva,noun,n,side,"M02, M03"
√पाल्,√pāl (pālayati),"verb, class 10 P",,protect,"M06, G11"
पाल,pāla,noun,m,protector,M06
पालित,pālita,ppp,,"protected, having been protected; past passive participle of √pāl, protect [Maurer lists √pālaya but CIS and Goldmans say √pāl]",M06
पितृ,pitṛ,noun,m,father,G10
√पीड् (पीडयति),√pīḍ (pīḍayati),"verb, class 10 P",,"oppress, pain, torment",M07
पीडित,pīḍita,ppp,,"afflicted, oppressed, pained, tormented; past passive participle of √pīḍ (pīḍayati)","G04, M07"
पुत्र,putra,noun,m,son,"M04, G04, M06, "
पुनः ,punaḥ,adverb,,again; punaḥ punaḥ: again and again,"G04, M07"
पुरस्-√कृ (पुरस्करोति),puras-√kṛ (puraskaroti),"verb, class 8 P",,"put in front, apppoint, enlist",M07
पुरस्कर्तुम्,puraskartum,"verb, infinitive",,"to put in front, appoint, enlist; infinitive of पुरस् -√कृ (पुरस्करोति) puras -√kṛ (puraskaroti)",M07
पुरा,purā,indeclinable,,"previously, long ago",G11
पुरुष,puruṣa,noun,m,"man, person",G06
पूर्न,pūrna,adjective,,full,G10
पूर्व,pūrva,adjective,,"previous, former [declined like the demonstrative pronouns, i.e., saḥ, tat, sā]","G05, M08"
प्र-√आप् (प्राप्नोति),pra-√āp (prāpnoti),"verb, class 5 P",,"get, aquire, obtain","M08, G11"
प्र-√इष् (प्रेषयति),pra-√iṣ (preṣayati),"noun, caus 10 P",,"send, dispatch",G06
प्रकार,prakāra,noun,m,"manner, way",M08
√प्रछ् (प्रच्छति),√prach (pracchati),"verb, class 6 P",,ask,G06
प्रजा​,prajā,noun,f,"offspring, children, people of a kingdom or realm",G05
प्रतर्,pratar,adv,,early in the morning,M07
प्रति,prati,indeclinable,,"to, until, towards (with previous accusative)",G06
प्रतिजात,pratijāta,adjective,,"promised, vowed",G12
प्रति-√ज्ञा (प्रतिजानाति),prati-√jñā (pratijānāti),"verb, class 9 P",,"promise, vow",G08
प्रत्य,pratya,"verb, gerund",,"having gotten, having acquired; gerund of pra-√āp (prāpnoti)",M08
प्रति-√वच् (प्रतिवक्ति),prati-√vac (prativakti),"verb, class 2 P",,"answer, reply",M07
प्रति-√वद् (प्रतिवदति),prati-√vad (prativadati),verb class 1 P,,"reply to, answer","M03, M05"
प्रति-आ-√गम् (प्रत्यागच्छति),prati(y)-ā-√gam (pratyāgacchati),"verb, class 1 P",,"go back, return to (+accusative); (Maurer's Ch 4 entry lists the preverb prati as praty which reflects the sandhi of combining with ā)","M04, G09"
प्रत्युक्त​,pratyukta,ppp,,"answered, past passive participle of prati-√vac (prativakti)",M07
प्रथम,prathama,ordinal number,,first,G11
प्रभाव​,prabhāva,noun,m,power,"M01, G08"
प्रभूत​​​,prabhūta,adjective,,"much, many","M01, M02, M04"
प्रमुदित,pramudita,adjective,,"delighted, pleased",G10
प्र-√यत् (प्रयतते),pra-√yat (prayatate),"verb, class 1 Ā",,"attempt, try, exert oneself",G08
प्रयत्न ,prayatna,noun,m,"an effort, ablative: with effort, with care","M04, M07, G12"
प्र-√विश् (प्रविशति),pra-√viś (praviśati),"verb, class 6 P",,enter,G11
प्रस्थित,prasthita,ppp,,"having stood forth, then having gone forth; past passive participle of  pra-√sthā",M07
प्र-√हस् (प्रहसति),pra-√has (prahasati),"verb, class 1 P",,ridicule,G08
प्रापित,prāpita,adjective,,restored to,G12
प्राप्त,prāpta,ppp,,"gotten, acquired, past passive participle of pra-√āp (prāpnoti)",M08
प्रासाद​,prāsāda,noun,m,a palace,"M01, M02, G12"
प्रीय,prīya,adjective,,"dear, beloved",G06
फल​,phala,noun,n,a fruit,"M01, M02"
बन्धनागार,bandhanāgāra,noun,m,prison,G10
बहिस्-√कृ (बहिष्करोति),bahis-√kṛ (bahiṣkaroti),"verb, class 8 P",,"put outside, expel",M08
बहिः,bahiḥ,adverb,,"out, outside; as postposed, with genitive","M02, M07"
बहु,bahu,adjective,,"much, many","M05, G07"
बान,bāna,noun,m,arrow,G06
√बाध् (बाधते),√bādh (bādhate),"verb, class 1 Ā",,harass,G07
बाधित,bādhita,adjective,,"afflicted, distressed, oppressed",G06
बाल,bāla,noun,m,child,M02
बालक,bālaka,noun,m,"boy, young man ",G04
बुद्ध,buddha,adjective,,"awake, enlightened",G10
बुद्ध,buddha,proper noun,m,Buddha,G10
बुद्धि,buddhi,noun,f,"wit, intelligence",G11
बुद्धिमन्त्,buddhimant,adjective,,"wise, or as a noun: wise person (f)",G11
बुद्ध्वा,buddhvā,"verb, gerund",,having become awake; past passive participle of √बुध् (बोधति)√budh (bodhati),M07
√बुध् (बोधति),√budh (bodhati),"verb, class 1 P",,wake up,M07
ब्रह्मन्,brahman,noun,n,"Brahma, absolute reality",G09
ब्रह्मन्,brahman,noun,m,the god Brahmā,"G09, G12"
ब्राह्मण,brāhmaṇa,noun,m,"a Brāhman, priest","M01, G04"
√ब्रू (ब्रूते),√brū (brūte),"verb, class 2 Ā",,"speak, tell",G11
√भक्ष् (भक्षयति),√bhakṣ (bhakṣayati),"verb, class 1 P or Ā",,eat; ppp: bhakṣita,M06
भक्षित ,bhakṣita,ppp,,"eaten, past passive participle of √भक्ष् (भक्षति) √bhakṣ (bhakṣati)",M07
भग्न,bhagna,ppp,,broken; past passive participle of √bhañj (bhanakti),M08
भङ्ग,bhaṅga,noun,m,"the act of breaking, breaking",M08
√भञ्ज् (भनक्ति),√bhañj (bhanakti),"verb, class 7 P",,break,"M08, G08"
भय,bhaya,noun,n ,fear,"M02, M07"
भरत​,bharata,proper noun,m,Bharata - one of Rāma's brothers,G05
भर्तृ,bhartṛ,noun,m,"husband, lord (Goldmans note that even though it seems like a kinship term, it belongs to the class of agent nouns)",G10
भाण्ड,bhāṇḍa,noun,n ,"a vessel, pot, dish",M08
√भाष् (भाषते),√bhāṣ (bhāṣate),"verb, class 1 Ā",,"speak, say, address; ",G04
भाग,bhāga,noun,m,a part,M02
भार,bhāra,noun,m,"load, weight, burden",G09
भार्या,bhāryā,noun,f,wife,"M06, g05"
√भी (बिभेति),√bhī (bibheti),"verb, class 3 P",,fear; 3rd person plural = bibhyati,G07
भीत,bhīta,adjective,,afraid,G04
भीति,bhīti,noun,f,fear,G10
√भुज् (भुनक्ति),√bhuj (bhunakti),"verb, class 7 P",,eat,G08
√भू (भवति),√bhū (bhavati),"verb, class 1 P",,"be, become","M02, G04"
भूमि,bhūmi,noun,f,"ground, earth, land","M07, G07, G10"
भूमिप,bhūmipa,noun,m,a king,G04
भो ,bho,particle of address,,"O, sir, (strictly bho:, the visarga being lost before voiced consonants)","G06, M07"
भोजन,bhojana,noun,n,food,G11
भ्रातृ,bhrātṛ,noun,m,brother,G10
मध्य,madhya,noun,n,the middle,"M02, M03, M04"
मध्यम,madhyama,adjective,,middling,"M02, M05"
मणि,maṇi,noun,m,jewel,G10
मण्डपिका,maṇḍapikā,noun,f,a shed,M08
√मन् (मन्यते),√man (manyate),"verb, class 4 Ā",,think,G04
मन,mana,noun,n,mind,G09
मनुष ,manuṣa,noun,m,a man,M01
मन्दभाग्य,mandabhāgya,adjective,,"having little luck, unfortunate",M05
मम​,mama,pronoun,,"of me, my; genitive singular of aham, I",M06
महत्,mahat,adjective,,great,M06
महादेव,mahādeva,noun,m,"great god,' applied to both Viṣṇu and Śiva",M04
महन्त्,mahant,adjective,,"great, large",G11
महाराज,mahārāja,noun,m,"a great king, a supreme sovereign",M03
मा,mā,indeclinable,,"negative used with an imperitave verb (example: 'mā śucaḥ,' says Kṛśṇa in BG18.66, 'don't fear')",G11
मातृ,mātṛ,noun,f,mother,G10
माम्,mām,pronoun,,"me, accusative singular of aham, I",M03
मांस ,māṃsa,noun,n,meat,M07
मारण,māraṇa,noun,n,"the act of killing, killing",M02
मर्ग,mārga,noun,m,"a road, path","M02, G10"
मार्जार,mārjāra,noun,m,a cat,M07
मालवदेश,mālavadeśa,proper noun,m,the Mālava country in west-central India,M02
माल्य,mālya,noun,n,a garland,M01
मित्र,mitra,noun,n,a friend,M08
मिथिला,mithilā,proper noun,f,City of Mithilā,G07
मिथ्या,mithyā,indeclinable,,false ,G09
मुनि,muni,noun,m,sage,G06
मूढ,mūḍha,adjective,,stupified,G11
मूर्ख,mūrkha,noun,m,a fool,G04
मूषक ,mūṣaka,noun,m,a mouse,M07
मृग,mṛga,noun,m,a deer,"M01, M02, G04"
मृत,mṛta,adjective,,dead,M02
मोक्ष,mokṣa,noun,m,"release from rebirth, liberation, salvation",M04
यज्,yaj,noun,m,a sacrifice,G05
√यज् (यजति),√yaj (yajati),"verb, class 1 P or Ā",,sacrifice,G05
यज्ञ,yajña,noun,m,ritual offering to the gods (a Vedic sacrifice),"M01, G05"
य,ya,relative pronoun marker,,"who, which, where;  used in relative clauses (the man who goes to the forest)",G06
य .... त,ya .... ta,relative/correlative pronoun set,,"Used together in clauses like ""where the sun never shines, I couldn't live there"" - see Goldmans page 98",G06
यत्,yat,relative pronoun,n,"what (relative); also used (according to Goldmans, Chap 7) to introduce direct or indirect discourses, used with or without iti at the end.","G06, G07, G08"
यतः,yataḥ,adverb,,"whence, since, front the point that",G06
यत्र​,yatra,adverb,,"where? Used in relative clauses, such as the house where Rāma lives.","M04, G06"
यथा,yathā,adverb,,"as, just as, like, in the manner in which","M03, G06"
यदा,yadā,adverb,,"when, whenever",G06
यदि,yadi,"indc., conditional conj",,"if [picked up by tadā, then, in the main clause]","M06, G06"
यदि ... तदा,yadi ... tadā,"indeclinable, conj",,if ... then,G06
यम,yama,proper noun,,"Yama, god of Death",G12
यव,yava,noun,m,barley,M08
यावत्,yāvat,indeclinable,,"so long as, to the extent that (with tāvat)",G06
युक्त,yukta,adjective,,provided with (+instrumental),M01
युत,yuta,adjective,,endowed with,G06
युद्ध,yuddha,noun,n,a battle,M01
योजयति,yojayati,"verb, causative",,"harnesses, yokes, causative of: √yuj (yunikta), class 7 verb to join",M03
रक्त,rakta,noun,n,"blood [really a ppp of √raj (rajyati), class 4, be colored, be red; hence literally 'colored, red']",M06
रक्षण,rakṣaṇa,noun,n, protection,G07
रक्षस,rakṣasa,noun,m,protector,G06
रथ,ratha,noun,m,a chariot,"M01, M02, M03"
रमणीय,ramaṇīya,adjective,,"charming, beautiful","M03, G07"
राक्षस,rākṣasa,noun,m,demon,G06
राघव,rāghava,noun,m,"descendant of Raghu (i.e., Rāma)",G07
राजन्,rājan,noun,m,king,G08
राजर्षि,rājarṣi,noun,m,"royal sage, royal seer",G12
राज्य,rājya,noun,n,"kingly rule, kingdom (with √kṛ: to rule, reign)","G04, G05"
रात्री,rātrī,noun,f,the night,M08
√रुह् (रोहति),√ruh (rohati),"verb, class 1 P",,grow,M02
लक्ष्मण,lakṣmaṇa,proper noun,m,Lakṣmaṇa - one of Rāma's brothers,"G04, G05"
लगुड,laguḍa,noun,m,a club or cudgel,M06
लघु,laghu,adjective,,"light, small",G06
लब्ध​,labdha,ppp,,"acquired, gained, received; past passive participle of √labh, to get/receive","M06, G10"
√लभ् (लभते),√labh (labhate),"verb, class 1 Ā",,"get, receive, obtain, acquire, gain","G04, G10"
लम्ब,lamba,adjective,,hanging,G12
लाभ​,lābha,noun,m,"attainment, acquisition",M04
√लिख् (लिखति),√likh (likhati),"verb, class 6 P",,write,M01
लीला,līlā,noun,f,"play, sport",G08
लेष,leṣa,noun,m,"small bit, trace, little",G10
लोक​,loka,noun,m,the world,"M01, M04, G08"
√वच् (वक्ति) ,√vac (vakti) ,"verb, class 2 P",,say or speak,M07
वचन​,vacana,noun,n,"speech, words","M05, G05"
वज्र​,vajra,noun,"m, n",Indra's weapon,G12
√वद् (वदति),√vad (vadati),"verb, class 1 P",,"speak, say, say to (+ accusative of person addressed)","M02, M03, G04, M05"
वंश,vaṃśa,noun,m,"a flute; race, lineage, family","M03, G12"
वन,vana,noun,n,forest,"M01, M02, M03, G04"
वर,vara,noun,m,"boon, wish",G11
वर्ष,varṣa,noun,m,a year,M04
√वस् (वसति),√vas (vasati),"verb, class 1 P",,dwell; gerund: uṣitvā,"M02, M04, M07"
वस्तुतः,vastutaḥ,adverb,,"really, actually, indeed, in fact","M04, G11"
√वह् (वहति)​,√vah (vahati),"verb, class 1 P",,"pull, draw, drive (a chariot)","M02, M03, M07"
वा,vā,indeclinable,,or; placed after words in the same way ca is,G07
विचार,vicāra,noun,m,"deliberation, hesitation",G12
√विद् (विन्दति),√vid (vindati),"verb, class 6 P",,find,M05
√विद् (वेत्ति),√vid (vetti),"verb, class 2P",,"know, recognize; ppp: vidita, infiitive: veditum or vettum, gerund: viditvā","M05, M06, M07"
विदित्वा,viditvā,"verb, gerund",,having known; gerund of √विद् (वेत्ति) √vid (vetti),M07
विद्यन्ते,vidyante,verb,,there are,M02
विद्या,vidyā,noun,f,knowledge,M05
विना,vinā,indeclinable,,without ,"M04, G04"
वीर,vīra,adjective,,"heroic, also m noun: hero",G05
वि-√लिप् (विलिम्पति),vi-√lip (vilimpati),"verb, class 6 P",,smear all over; ppp: vilipta [the prefix 'vi' means 'here and there'],M06
विवर,vivara,noun,m,"an opening, hole",M07
विवाहित,vivāhita,adjective,,married,G12
विविध,vividha,adjective,,various,"M01, M02"
विशति,√viś (viśati),"verb, class 6 P",,enter,M03
विशेषतः,viśeṣataḥ,indeclinable,,especially,G05
विषाद,viṣāda,noun,m,"sorrow, despair, dejection, despondancy","M04, M06, "
वि-√स्म्र् (विस्मरति),vi-√smr (vismarati),"verb, class 1 P",,"forget (vi, 'apart, away,' + √smr, 'remember,')",G05
विहग​,vihaga,noun,m,a bird,M03
वृक्ष,vṛkṣa,noun,m,a tree,"M01, M02, M03, M05, G11"
√वृ (वृणीते),√vṛ (vṛṇīte),"verb, class 9 Ā",,choose (as a boon),G11
√वृत् (वर्तते),√vṛt (vartate),"verb, class 1 Ā",,"be, exist, occur",G05
वृत,vṛta,adjective,,chosen,G11
वृद्ध,vṛddha,adjective,,old,G09
√वृध् (वर्धति),√vṛdh (vardhati),"verb, class 1 P",,"increase, grow",M08
वृध,vṛdha,ppp,,"increased, grown; past passive participle of √vṛdh (vardhati)",M08
वृषभ,vṛṣabha,noun,m,bull,M02
वेद,veda,noun,m,Veda,G06
√व्यध् (विध्यति),√vyadh (vidhyati),"verb, class 4 P",,"pierce, hit (as with an arrow)",M02
व्याकुल,vyākula,adjective,,"confused, puzzled",M07
व्यापादित,vyāpādita,ppp,,"killed, destroyed, 'caused to fall away,' past passive participle of causative of  वि -आ -√पद् (व्यापद्यते) vi -ā -√pad (vyāpadyate) a class 4 veb",M07
व्यापादयति,vyāpādayati,"verb, causative",,"literally 'causes to perish,' kills, destroys; causative of vi-ā-√pad, 'fall apart, disintegrate, perish'",M06
शकट,śakaṭa,noun,m,a cart or wagon,M02
√शङ्क् (शङ्कते),√śaṅk (śaṅkate),"verb, class 1 Ā",,doubt,G10
शङ्कित,śaṅkita,adjective,,doubted,G10
शत्रु,śatru,noun,m,enemy,G12
शत्रुघ्न,śatrughna,proper noun,m,Śatrughna - one of Rāma's brothers,G05
शनैः शनैः,śanaiḥ śanaiḥ,reduplicative adverb,,"gradually, slowly",M02
√शप् (शपति),√śap (śapati),"verb, class 1 P",,curse,G04
शब्द,śabda,noun,m,"a sound, noise","M03, M07"
शम्भु,śambhu,proper noun,m,another name for Śiva,G08
शयित्वा,śayitvā,"verb, gerund",,"layed down, having layed down [anyone please let me know if I'm using the wrong English 'lay']; gerund of √śī (śete)",M08
शय्या,śayyā,noun,f,a bed,"M06, M08"
शर,śara,noun,m,an arrow,M02
शराव,śarāva,noun,m,a plate,M08
शान्त,śānta,adjective,,"calm, peaceful","G05, G09"
शाप,śāpa,noun,m,a curse,G05
शिष्य,śiṣya,noun,m,a pupil,M01
√शी (शेते),√śī (śete),"verb, class 9 Ā",,"lie, lie down",M08
शीघ्रम्,śīghram,adverb,,quickly,"M02, G06"
शुचि,śuci,adjective,,"pure, white",G06
शुभ,śubha,adjective,,"good, beautiful","M03, M05"
शूर,śura,noun,m,a hero,M01
शोक,śoka,noun,m,"grief, sorrow",G04
शोभन,śobhana,adjective,,beautiful,"M01, M02"
श्रवण,śravaṇa,noun,n,hearing,G10
श्रीरामः,śrīrāmaḥ,proper noun,m,glorious Rāma,G04
√श्रु (शृनोति),√śru (śṛṇoti),"verb, class 5 P",,"hear, gerund: śrutvā",M07
श्रुत,śruta,ppp,,"heard, past passive participle of √श्रु (शृणोति ) √śru (śṛṇoti )","M07, G10"
श्रुत्वा ,śrutvā,"verb, gerund",,"having heard, gerund of √śru (sṛṇoti)","M03, M07"
श्रेष्ठ,śreṣṭha,adjective,,best,G05
श्वन्,śvan,noun,m,a dog,M07
√स्वप् (स्वपति),√svap (svapati),"verb, class 1 P",,sleep; also class 2 (svapiti); gerund: suptvā,
श्वेत​,śveta,adjective,,white,M03
सः,saḥ,pronoun,,"he (nominative, 3rd p singular)",G04
सत्य,satya,adjective,n,"real, true",G10
सत्य,satya,noun,n,"truth, reality","M04, G10"
सत्वरम्,satvaram,adverb,,quickly,"M03, M06,"
√सद् (सीदति)​,√sad (sīdati),"verb, class 1 irreg P",,sit,G07
सदन,sadana,noun,n,palace,G12
सदृश,sadṛśa,adjective,,"(adj) like, similar to (+ instrumental)",M07
सधन​,sadhana,adjective,,"rich, wealthy",M02
षण्ड,ṣaṇḍa,noun,m,a clump,M03
संजा,saṃjā,noun,f,consciousness,G12
सं-√धा (संदधाति),saṃ-√dhā (saṃdadhāti),"verb, class 3 P/Ā",,"join, bring together",G08
सम,sama,adjective,,"even, level",M02
समय,samaya,noun,m,"time, period of time",G11
समर्थ,samartha,adjective,,"capable, competent",G06
सम्-आ-√गम्  (समागच्छति),sam-ā-√gam (samāgacchati),"noun, class 1 P",,assemble,G07
समीप,samīpa,noun,n,"vicinity; nearness, presence; locative samīpe + genitive = near","M01, M02, M05, M06, G11"
समुपेत,samupeta,adjective,,provided with (+instrumental),M03
संचय,saṃcaya,noun,m,"a heap, accumulation (Maurer says to pronounce as if written sañcaya)",M08
संतुष्ट,saṃtuṣṭa,adjective,,"pleased, happy",M03
संतोष,saṃtoṣa,noun,m,joy (Maurer says pronounce like sañtoṣa),M08
संपूर्न,saṃpūrna,adjective,,"full, full of (+ instrumental)",M02
सभा,sabhā,noun,f,assembly,G08
सः,saḥ,pronoun,,he,G04
सर्प​,sarpa,noun,m,a serpent,M06
सर्व,sarva,adjective,,"all, each, every [declined like the demonstrative pronouns, i.e., saḥ, tat, sā]","M01, M03"
सर्वतः,sarvataḥ,adverb,,from all sides,G06
सर्वत्र,sarvatra,adverb,,everywhere,G06
सर्वथा,sarvathā,adverb,,every which way,G06
सर्वदा,sarvadā,adverb,,always,G06
सह​,saha,indeclinable,,with (used after instrumental to mark accompaniment),G05
सहसा,sahasā,adverb,,"straightaway, immediately",M06
सागर,sāgara,noun,m, ocean,G10
सानन्दम्,sānandam,indeclinable,,joyfully,G05
साधु,sādhu,noun,m,"sage, holy man",G09
साधु,sādhu,indeclinable,,wonderful!' (exclamation),G09
सिंह,siṃha,noun,m,a lion,M07
सीता,sītā,proper noun,f,Sītā,G06
सुकुमार,sukumāra,adjective,,tender,G12
सुकृत,sukṛta,noun,n,a meritorious deed,M05
सुख,sukha,noun,n,"pleasure, happiness",M01
सुखम्,sukham,adverb,,happily,"G04, G05"
सुखित,sukhita,adjective,,happy,G05
सुन्दर,sundara,adjective,,"beautiful, handsome","M02, M03, G04"
सुलभ,sulabha,adjective,,easy,G08
सुस्थ,sustha,adjective,,safe and sound,M06
सुत,suta,noun,m,son,G12
सूत,sūta,noun,m,charioteer,"M01, M03, M02"
सूर्य,sūrya,noun,m,sun,G09
√सेव् (सेवते),√sev (sevate),"verb, class 1 Ā",,"attend on, serve",G10
सेवक,sevaka,noun,m,attendant,G12
सेवित,sevita,adjective,,served,G10
स्कन्ध,skandha,noun,m,the shoulder,M07
√स्तु (स्तौति),√stu (stauti),"verb, class 2 P",,praise,G09
√स्था (तिष्ठति),√sthā (tiṣṭhati),"verb, class 1 P",,"to stand, be situated, stay, remain, be; usually attenuated to 'be.' ","M03, M06, M07, G07"
स्थान,sthāna,noun,n,a place,M02
स्थापयित्वा ,sthāpayitvā,"verb, class 1 P",,"having caused to stand (gerund of the causitive of √sthā (tiṣṭhati), stand",M07
√स्ना (स्नाति),√snā (snāti),"verb, class 2 P",,bathe,M07
स्नात्वा ,snātvā,"verb, gerund",,"having bathed, gerund of √snā (snāti)",M07
√स्निह् (स्निह्यति),√snih (snihyati),"verb, class 4 P",,love - use locative for object of love,G05
स्म,sma,indeclinable,,used postposed to form a simple past tense,G04
√स्मृ (स्मरति),√smṛ (smarati),"verb, class 1 P",,"to remember; ppp: smṛta, gerund: smṛtvā/smṛtya; infinitive: smṛtum","G05, G11"
स्मृति,smṛti,noun,f,memory,G11
स्मृतिमन्त्,smṛtimant,adjective,,possessed of memory,G11
स्व,sva,adjective,,one's own,G09
स्वग्राम​​,svagrāma,noun,m,one's own village,M05
स्वयम्,svayam,indeclinable,,"oneself, by one's self, to one's self; used reflexively and applicable to all persons, i.e., himself, herself, yourself, etc.","G04, M05, G08"
स्वयंवर,svayaṃvara,noun,m,"literally 'self choice,' the name of a ceremony at which a princess chooses a husband, or has one chosen by contest",G08
स्वर्ग​,svarga,noun,m,heaven,"M01, M02, M04, M05, G06"
हत,hata,adjective,,killed,"G04, M06"
√हड् (हाडयति),√haḍ (hāḍayati),"verb, class 10 P",,"strike, beat",M08
√हन् (हन्ति),√han (hanti),"verb, class 2 P",,"slay, kill, strike; ppp: hata, killed","G04, M06"
हननम्,hananam,noun,m,killing,G06
हंस ,haṃsa,noun,m,"a kind of goose; Maurer notes that Sanskrit literature talks about a kind of goose which was believed capable of separating pure milk from a misture of milk and water, and that this special ability is often alluded to.",M03
√हस् (हसति),√has (hasati),"verb, class 1 P",,laugh,G12
हा,hā,indeclinable,,"vocative particle (""ah"") expressing grief",G04
√हा (जहाति),√hā (jahāti),"verb, class 3 P",,abandon,G07
√हु (जुहोति),√hu (juhoti),"verb, class 3 P",,offer,G09
हे,he,indeclinable,,"vocative particle (""oh"") precedes vocative",G04
ह्रदय​,hrdaya,noun,n,the heart,M08